
Terraform used the selected providers to generate the following execution
plan. Resource actions are indicated with the following symbols:
  [32m+[0m create[0m

Terraform will perform the following actions:

[1m  # azurerm_key_vault_secret.learner_passwords["APP01"][0m will be created
[0m  [32m+[0m[0m resource "azurerm_key_vault_secret" "learner_passwords" {
      [32m+[0m[0m id                      = (known after apply)
      [32m+[0m[0m key_vault_id            = "/subscriptions/8c42d5b2-ab70-4051-ab0e-a96877557f6a/resourceGroups/rg-data2ai-tf-state/providers/Microsoft.KeyVault/vaults/kvdata2aitfsecretsmsn"
      [32m+[0m[0m name                    = "SnowflakePassword-APP01"
      [32m+[0m[0m resource_id             = (known after apply)
      [32m+[0m[0m resource_versionless_id = (known after apply)
      [32m+[0m[0m value                   = (sensitive value)
      [32m+[0m[0m value_wo                = (write-only attribute)
      [32m+[0m[0m version                 = (known after apply)
      [32m+[0m[0m versionless_id          = (known after apply)
    }

[1m  # azurerm_key_vault_secret.learner_passwords["APP02"][0m will be created
[0m  [32m+[0m[0m resource "azurerm_key_vault_secret" "learner_passwords" {
      [32m+[0m[0m id                      = (known after apply)
      [32m+[0m[0m key_vault_id            = "/subscriptions/8c42d5b2-ab70-4051-ab0e-a96877557f6a/resourceGroups/rg-data2ai-tf-state/providers/Microsoft.KeyVault/vaults/kvdata2aitfsecretsmsn"
      [32m+[0m[0m name                    = "SnowflakePassword-APP02"
      [32m+[0m[0m resource_id             = (known after apply)
      [32m+[0m[0m resource_versionless_id = (known after apply)
      [32m+[0m[0m value                   = (sensitive value)
      [32m+[0m[0m value_wo                = (write-only attribute)
      [32m+[0m[0m version                 = (known after apply)
      [32m+[0m[0m versionless_id          = (known after apply)
    }

[1m  # azurerm_key_vault_secret.learner_passwords["APP03"][0m will be created
[0m  [32m+[0m[0m resource "azurerm_key_vault_secret" "learner_passwords" {
      [32m+[0m[0m id                      = (known after apply)
      [32m+[0m[0m key_vault_id            = "/subscriptions/8c42d5b2-ab70-4051-ab0e-a96877557f6a/resourceGroups/rg-data2ai-tf-state/providers/Microsoft.KeyVault/vaults/kvdata2aitfsecretsmsn"
      [32m+[0m[0m name                    = "SnowflakePassword-APP03"
      [32m+[0m[0m resource_id             = (known after apply)
      [32m+[0m[0m resource_versionless_id = (known after apply)
      [32m+[0m[0m value                   = (sensitive value)
      [32m+[0m[0m value_wo                = (write-only attribute)
      [32m+[0m[0m version                 = (known after apply)
      [32m+[0m[0m versionless_id          = (known after apply)
    }

[1m  # azurerm_key_vault_secret.learner_passwords["APP04"][0m will be created
[0m  [32m+[0m[0m resource "azurerm_key_vault_secret" "learner_passwords" {
      [32m+[0m[0m id                      = (known after apply)
      [32m+[0m[0m key_vault_id            = "/subscriptions/8c42d5b2-ab70-4051-ab0e-a96877557f6a/resourceGroups/rg-data2ai-tf-state/providers/Microsoft.KeyVault/vaults/kvdata2aitfsecretsmsn"
      [32m+[0m[0m name                    = "SnowflakePassword-APP04"
      [32m+[0m[0m resource_id             = (known after apply)
      [32m+[0m[0m resource_versionless_id = (known after apply)
      [32m+[0m[0m value                   = (sensitive value)
      [32m+[0m[0m value_wo                = (write-only attribute)
      [32m+[0m[0m version                 = (known after apply)
      [32m+[0m[0m versionless_id          = (known after apply)
    }

[1m  # azurerm_key_vault_secret.learner_passwords["APP05"][0m will be created
[0m  [32m+[0m[0m resource "azurerm_key_vault_secret" "learner_passwords" {
      [32m+[0m[0m id                      = (known after apply)
      [32m+[0m[0m key_vault_id            = "/subscriptions/8c42d5b2-ab70-4051-ab0e-a96877557f6a/resourceGroups/rg-data2ai-tf-state/providers/Microsoft.KeyVault/vaults/kvdata2aitfsecretsmsn"
      [32m+[0m[0m name                    = "SnowflakePassword-APP05"
      [32m+[0m[0m resource_id             = (known after apply)
      [32m+[0m[0m resource_versionless_id = (known after apply)
      [32m+[0m[0m value                   = (sensitive value)
      [32m+[0m[0m value_wo                = (write-only attribute)
      [32m+[0m[0m version                 = (known after apply)
      [32m+[0m[0m versionless_id          = (known after apply)
    }

[1m  # azurerm_key_vault_secret.learner_passwords["APP06"][0m will be created
[0m  [32m+[0m[0m resource "azurerm_key_vault_secret" "learner_passwords" {
      [32m+[0m[0m id                      = (known after apply)
      [32m+[0m[0m key_vault_id            = "/subscriptions/8c42d5b2-ab70-4051-ab0e-a96877557f6a/resourceGroups/rg-data2ai-tf-state/providers/Microsoft.KeyVault/vaults/kvdata2aitfsecretsmsn"
      [32m+[0m[0m name                    = "SnowflakePassword-APP06"
      [32m+[0m[0m resource_id             = (known after apply)
      [32m+[0m[0m resource_versionless_id = (known after apply)
      [32m+[0m[0m value                   = (sensitive value)
      [32m+[0m[0m value_wo                = (write-only attribute)
      [32m+[0m[0m version                 = (known after apply)
      [32m+[0m[0m versionless_id          = (known after apply)
    }

[1m  # azurerm_key_vault_secret.learner_passwords["APP07"][0m will be created
[0m  [32m+[0m[0m resource "azurerm_key_vault_secret" "learner_passwords" {
      [32m+[0m[0m id                      = (known after apply)
      [32m+[0m[0m key_vault_id            = "/subscriptions/8c42d5b2-ab70-4051-ab0e-a96877557f6a/resourceGroups/rg-data2ai-tf-state/providers/Microsoft.KeyVault/vaults/kvdata2aitfsecretsmsn"
      [32m+[0m[0m name                    = "SnowflakePassword-APP07"
      [32m+[0m[0m resource_id             = (known after apply)
      [32m+[0m[0m resource_versionless_id = (known after apply)
      [32m+[0m[0m value                   = (sensitive value)
      [32m+[0m[0m value_wo                = (write-only attribute)
      [32m+[0m[0m version                 = (known after apply)
      [32m+[0m[0m versionless_id          = (known after apply)
    }

[1m  # azurerm_key_vault_secret.learner_passwords["APP08"][0m will be created
[0m  [32m+[0m[0m resource "azurerm_key_vault_secret" "learner_passwords" {
      [32m+[0m[0m id                      = (known after apply)
      [32m+[0m[0m key_vault_id            = "/subscriptions/8c42d5b2-ab70-4051-ab0e-a96877557f6a/resourceGroups/rg-data2ai-tf-state/providers/Microsoft.KeyVault/vaults/kvdata2aitfsecretsmsn"
      [32m+[0m[0m name                    = "SnowflakePassword-APP08"
      [32m+[0m[0m resource_id             = (known after apply)
      [32m+[0m[0m resource_versionless_id = (known after apply)
      [32m+[0m[0m value                   = (sensitive value)
      [32m+[0m[0m value_wo                = (write-only attribute)
      [32m+[0m[0m version                 = (known after apply)
      [32m+[0m[0m versionless_id          = (known after apply)
    }

[1m  # azurerm_key_vault_secret.learner_passwords["APP09"][0m will be created
[0m  [32m+[0m[0m resource "azurerm_key_vault_secret" "learner_passwords" {
      [32m+[0m[0m id                      = (known after apply)
      [32m+[0m[0m key_vault_id            = "/subscriptions/8c42d5b2-ab70-4051-ab0e-a96877557f6a/resourceGroups/rg-data2ai-tf-state/providers/Microsoft.KeyVault/vaults/kvdata2aitfsecretsmsn"
      [32m+[0m[0m name                    = "SnowflakePassword-APP09"
      [32m+[0m[0m resource_id             = (known after apply)
      [32m+[0m[0m resource_versionless_id = (known after apply)
      [32m+[0m[0m value                   = (sensitive value)
      [32m+[0m[0m value_wo                = (write-only attribute)
      [32m+[0m[0m version                 = (known after apply)
      [32m+[0m[0m versionless_id          = (known after apply)
    }

[1m  # azurerm_key_vault_secret.learner_passwords["APP10"][0m will be created
[0m  [32m+[0m[0m resource "azurerm_key_vault_secret" "learner_passwords" {
      [32m+[0m[0m id                      = (known after apply)
      [32m+[0m[0m key_vault_id            = "/subscriptions/8c42d5b2-ab70-4051-ab0e-a96877557f6a/resourceGroups/rg-data2ai-tf-state/providers/Microsoft.KeyVault/vaults/kvdata2aitfsecretsmsn"
      [32m+[0m[0m name                    = "SnowflakePassword-APP10"
      [32m+[0m[0m resource_id             = (known after apply)
      [32m+[0m[0m resource_versionless_id = (known after apply)
      [32m+[0m[0m value                   = (sensitive value)
      [32m+[0m[0m value_wo                = (write-only attribute)
      [32m+[0m[0m version                 = (known after apply)
      [32m+[0m[0m versionless_id          = (known after apply)
    }

[1m  # azurerm_key_vault_secret.learner_passwords["APP11"][0m will be created
[0m  [32m+[0m[0m resource "azurerm_key_vault_secret" "learner_passwords" {
      [32m+[0m[0m id                      = (known after apply)
      [32m+[0m[0m key_vault_id            = "/subscriptions/8c42d5b2-ab70-4051-ab0e-a96877557f6a/resourceGroups/rg-data2ai-tf-state/providers/Microsoft.KeyVault/vaults/kvdata2aitfsecretsmsn"
      [32m+[0m[0m name                    = "SnowflakePassword-APP11"
      [32m+[0m[0m resource_id             = (known after apply)
      [32m+[0m[0m resource_versionless_id = (known after apply)
      [32m+[0m[0m value                   = (sensitive value)
      [32m+[0m[0m value_wo                = (write-only attribute)
      [32m+[0m[0m version                 = (known after apply)
      [32m+[0m[0m versionless_id          = (known after apply)
    }

[1m  # azurerm_key_vault_secret.learner_passwords["APP12"][0m will be created
[0m  [32m+[0m[0m resource "azurerm_key_vault_secret" "learner_passwords" {
      [32m+[0m[0m id                      = (known after apply)
      [32m+[0m[0m key_vault_id            = "/subscriptions/8c42d5b2-ab70-4051-ab0e-a96877557f6a/resourceGroups/rg-data2ai-tf-state/providers/Microsoft.KeyVault/vaults/kvdata2aitfsecretsmsn"
      [32m+[0m[0m name                    = "SnowflakePassword-APP12"
      [32m+[0m[0m resource_id             = (known after apply)
      [32m+[0m[0m resource_versionless_id = (known after apply)
      [32m+[0m[0m value                   = (sensitive value)
      [32m+[0m[0m value_wo                = (write-only attribute)
      [32m+[0m[0m version                 = (known after apply)
      [32m+[0m[0m versionless_id          = (known after apply)
    }

[1m  # snowflake_grant_account_role.sysadmin["APP01"][0m will be created
[0m  [32m+[0m[0m resource "snowflake_grant_account_role" "sysadmin" {
      [32m+[0m[0m id        = (known after apply)
      [32m+[0m[0m role_name = "SYSADMIN"
      [32m+[0m[0m user_name = "apprenant01"
    }

[1m  # snowflake_grant_account_role.sysadmin["APP02"][0m will be created
[0m  [32m+[0m[0m resource "snowflake_grant_account_role" "sysadmin" {
      [32m+[0m[0m id        = (known after apply)
      [32m+[0m[0m role_name = "SYSADMIN"
      [32m+[0m[0m user_name = "apprenant02"
    }

[1m  # snowflake_grant_account_role.sysadmin["APP03"][0m will be created
[0m  [32m+[0m[0m resource "snowflake_grant_account_role" "sysadmin" {
      [32m+[0m[0m id        = (known after apply)
      [32m+[0m[0m role_name = "SYSADMIN"
      [32m+[0m[0m user_name = "apprenant03"
    }

[1m  # snowflake_grant_account_role.sysadmin["APP04"][0m will be created
[0m  [32m+[0m[0m resource "snowflake_grant_account_role" "sysadmin" {
      [32m+[0m[0m id        = (known after apply)
      [32m+[0m[0m role_name = "SYSADMIN"
      [32m+[0m[0m user_name = "apprenant04"
    }

[1m  # snowflake_grant_account_role.sysadmin["APP05"][0m will be created
[0m  [32m+[0m[0m resource "snowflake_grant_account_role" "sysadmin" {
      [32m+[0m[0m id        = (known after apply)
      [32m+[0m[0m role_name = "SYSADMIN"
      [32m+[0m[0m user_name = "apprenant05"
    }

[1m  # snowflake_grant_account_role.sysadmin["APP06"][0m will be created
[0m  [32m+[0m[0m resource "snowflake_grant_account_role" "sysadmin" {
      [32m+[0m[0m id        = (known after apply)
      [32m+[0m[0m role_name = "SYSADMIN"
      [32m+[0m[0m user_name = "apprenant06"
    }

[1m  # snowflake_grant_account_role.sysadmin["APP07"][0m will be created
[0m  [32m+[0m[0m resource "snowflake_grant_account_role" "sysadmin" {
      [32m+[0m[0m id        = (known after apply)
      [32m+[0m[0m role_name = "SYSADMIN"
      [32m+[0m[0m user_name = "apprenant07"
    }

[1m  # snowflake_grant_account_role.sysadmin["APP08"][0m will be created
[0m  [32m+[0m[0m resource "snowflake_grant_account_role" "sysadmin" {
      [32m+[0m[0m id        = (known after apply)
      [32m+[0m[0m role_name = "SYSADMIN"
      [32m+[0m[0m user_name = "apprenant08"
    }

[1m  # snowflake_grant_account_role.sysadmin["APP09"][0m will be created
[0m  [32m+[0m[0m resource "snowflake_grant_account_role" "sysadmin" {
      [32m+[0m[0m id        = (known after apply)
      [32m+[0m[0m role_name = "SYSADMIN"
      [32m+[0m[0m user_name = "apprenant09"
    }

[1m  # snowflake_grant_account_role.sysadmin["APP10"][0m will be created
[0m  [32m+[0m[0m resource "snowflake_grant_account_role" "sysadmin" {
      [32m+[0m[0m id        = (known after apply)
      [32m+[0m[0m role_name = "SYSADMIN"
      [32m+[0m[0m user_name = "apprenant10"
    }

[1m  # snowflake_grant_account_role.sysadmin["APP11"][0m will be created
[0m  [32m+[0m[0m resource "snowflake_grant_account_role" "sysadmin" {
      [32m+[0m[0m id        = (known after apply)
      [32m+[0m[0m role_name = "SYSADMIN"
      [32m+[0m[0m user_name = "apprenant11"
    }

[1m  # snowflake_grant_account_role.sysadmin["APP12"][0m will be created
[0m  [32m+[0m[0m resource "snowflake_grant_account_role" "sysadmin" {
      [32m+[0m[0m id        = (known after apply)
      [32m+[0m[0m role_name = "SYSADMIN"
      [32m+[0m[0m user_name = "apprenant12"
    }

[1m  # snowflake_user.learners["APP01"][0m will be created
[0m  [32m+[0m[0m resource "snowflake_user" "learners" {
      [32m+[0m[0m abort_detached_query                          = (known after apply)
      [32m+[0m[0m autocommit                                    = (known after apply)
      [32m+[0m[0m binary_input_format                           = (known after apply)
      [32m+[0m[0m binary_output_format                          = (known after apply)
      [32m+[0m[0m client_memory_limit                           = (known after apply)
      [32m+[0m[0m client_metadata_request_use_connection_ctx    = (known after apply)
      [32m+[0m[0m client_prefetch_threads                       = (known after apply)
      [32m+[0m[0m client_result_chunk_size                      = (known after apply)
      [32m+[0m[0m client_result_column_case_insensitive         = (known after apply)
      [32m+[0m[0m client_session_keep_alive                     = (known after apply)
      [32m+[0m[0m client_session_keep_alive_heartbeat_frequency = (known after apply)
      [32m+[0m[0m client_timestamp_type_mapping                 = (known after apply)
      [32m+[0m[0m date_input_format                             = (known after apply)
      [32m+[0m[0m date_output_format                            = (known after apply)
      [32m+[0m[0m default_role                                  = "SYSADMIN"
      [32m+[0m[0m default_secondary_roles_option                = "DEFAULT"
      [32m+[0m[0m disable_mfa                                   = "default"
      [32m+[0m[0m disabled                                      = "false"
      [32m+[0m[0m enable_unload_physical_type_optimization      = (known after apply)
      [32m+[0m[0m enable_unredacted_query_syntax_error          = (known after apply)
      [32m+[0m[0m error_on_nondeterministic_merge               = (known after apply)
      [32m+[0m[0m error_on_nondeterministic_update              = (known after apply)
      [32m+[0m[0m fully_qualified_name                          = (known after apply)
      [32m+[0m[0m geography_output_format                       = (known after apply)
      [32m+[0m[0m geometry_output_format                        = (known after apply)
      [32m+[0m[0m id                                            = (known after apply)
      [32m+[0m[0m jdbc_treat_decimal_as_int                     = (known after apply)
      [32m+[0m[0m jdbc_treat_timestamp_ntz_as_utc               = (known after apply)
      [32m+[0m[0m jdbc_use_session_timezone                     = (known after apply)
      [32m+[0m[0m json_indent                                   = (known after apply)
      [32m+[0m[0m lock_timeout                                  = (known after apply)
      [32m+[0m[0m log_level                                     = (known after apply)
      [32m+[0m[0m mins_to_bypass_mfa                            = 240
      [32m+[0m[0m mins_to_unlock                                = -1
      [32m+[0m[0m multi_statement_count                         = (known after apply)
      [32m+[0m[0m must_change_password                          = "false"
      [32m+[0m[0m name                                          = "apprenant01"
      [32m+[0m[0m network_policy                                = (known after apply)
      [32m+[0m[0m noorder_sequence_as_default                   = (known after apply)
      [32m+[0m[0m odbc_treat_decimal_as_int                     = (known after apply)
      [32m+[0m[0m parameters                                    = (known after apply)
      [32m+[0m[0m password                                      = (sensitive value)
      [32m+[0m[0m prevent_unload_to_internal_stages             = (known after apply)
      [32m+[0m[0m query_tag                                     = (known after apply)
      [32m+[0m[0m quoted_identifiers_ignore_case                = (known after apply)
      [32m+[0m[0m rows_per_resultset                            = (known after apply)
      [32m+[0m[0m s3_stage_vpce_dns_name                        = (known after apply)
      [32m+[0m[0m search_path                                   = (known after apply)
      [32m+[0m[0m show_output                                   = (known after apply)
      [32m+[0m[0m simulated_data_sharing_consumer               = (known after apply)
      [32m+[0m[0m statement_queued_timeout_in_seconds           = (known after apply)
      [32m+[0m[0m statement_timeout_in_seconds                  = (known after apply)
      [32m+[0m[0m strict_json_output                            = (known after apply)
      [32m+[0m[0m time_input_format                             = (known after apply)
      [32m+[0m[0m time_output_format                            = (known after apply)
      [32m+[0m[0m timestamp_day_is_always_24h                   = (known after apply)
      [32m+[0m[0m timestamp_input_format                        = (known after apply)
      [32m+[0m[0m timestamp_ltz_output_format                   = (known after apply)
      [32m+[0m[0m timestamp_ntz_output_format                   = (known after apply)
      [32m+[0m[0m timestamp_output_format                       = (known after apply)
      [32m+[0m[0m timestamp_type_mapping                        = (known after apply)
      [32m+[0m[0m timestamp_tz_output_format                    = (known after apply)
      [32m+[0m[0m timezone                                      = (known after apply)
      [32m+[0m[0m trace_level                                   = (known after apply)
      [32m+[0m[0m transaction_abort_on_error                    = (known after apply)
      [32m+[0m[0m transaction_default_isolation_level           = (known after apply)
      [32m+[0m[0m two_digit_century_start                       = (known after apply)
      [32m+[0m[0m unsupported_ddl_action                        = (known after apply)
      [32m+[0m[0m use_cached_result                             = (known after apply)
      [32m+[0m[0m user_type                                     = (known after apply)
      [32m+[0m[0m week_of_year_policy                           = (known after apply)
      [32m+[0m[0m week_start                                    = (known after apply)
    }

[1m  # snowflake_user.learners["APP02"][0m will be created
[0m  [32m+[0m[0m resource "snowflake_user" "learners" {
      [32m+[0m[0m abort_detached_query                          = (known after apply)
      [32m+[0m[0m autocommit                                    = (known after apply)
      [32m+[0m[0m binary_input_format                           = (known after apply)
      [32m+[0m[0m binary_output_format                          = (known after apply)
      [32m+[0m[0m client_memory_limit                           = (known after apply)
      [32m+[0m[0m client_metadata_request_use_connection_ctx    = (known after apply)
      [32m+[0m[0m client_prefetch_threads                       = (known after apply)
      [32m+[0m[0m client_result_chunk_size                      = (known after apply)
      [32m+[0m[0m client_result_column_case_insensitive         = (known after apply)
      [32m+[0m[0m client_session_keep_alive                     = (known after apply)
      [32m+[0m[0m client_session_keep_alive_heartbeat_frequency = (known after apply)
      [32m+[0m[0m client_timestamp_type_mapping                 = (known after apply)
      [32m+[0m[0m date_input_format                             = (known after apply)
      [32m+[0m[0m date_output_format                            = (known after apply)
      [32m+[0m[0m default_role                                  = "SYSADMIN"
      [32m+[0m[0m default_secondary_roles_option                = "DEFAULT"
      [32m+[0m[0m disable_mfa                                   = "default"
      [32m+[0m[0m disabled                                      = "false"
      [32m+[0m[0m enable_unload_physical_type_optimization      = (known after apply)
      [32m+[0m[0m enable_unredacted_query_syntax_error          = (known after apply)
      [32m+[0m[0m error_on_nondeterministic_merge               = (known after apply)
      [32m+[0m[0m error_on_nondeterministic_update              = (known after apply)
      [32m+[0m[0m fully_qualified_name                          = (known after apply)
      [32m+[0m[0m geography_output_format                       = (known after apply)
      [32m+[0m[0m geometry_output_format                        = (known after apply)
      [32m+[0m[0m id                                            = (known after apply)
      [32m+[0m[0m jdbc_treat_decimal_as_int                     = (known after apply)
      [32m+[0m[0m jdbc_treat_timestamp_ntz_as_utc               = (known after apply)
      [32m+[0m[0m jdbc_use_session_timezone                     = (known after apply)
      [32m+[0m[0m json_indent                                   = (known after apply)
      [32m+[0m[0m lock_timeout                                  = (known after apply)
      [32m+[0m[0m log_level                                     = (known after apply)
      [32m+[0m[0m mins_to_bypass_mfa                            = 240
      [32m+[0m[0m mins_to_unlock                                = -1
      [32m+[0m[0m multi_statement_count                         = (known after apply)
      [32m+[0m[0m must_change_password                          = "false"
      [32m+[0m[0m name                                          = "apprenant02"
      [32m+[0m[0m network_policy                                = (known after apply)
      [32m+[0m[0m noorder_sequence_as_default                   = (known after apply)
      [32m+[0m[0m odbc_treat_decimal_as_int                     = (known after apply)
      [32m+[0m[0m parameters                                    = (known after apply)
      [32m+[0m[0m password                                      = (sensitive value)
      [32m+[0m[0m prevent_unload_to_internal_stages             = (known after apply)
      [32m+[0m[0m query_tag                                     = (known after apply)
      [32m+[0m[0m quoted_identifiers_ignore_case                = (known after apply)
      [32m+[0m[0m rows_per_resultset                            = (known after apply)
      [32m+[0m[0m s3_stage_vpce_dns_name                        = (known after apply)
      [32m+[0m[0m search_path                                   = (known after apply)
      [32m+[0m[0m show_output                                   = (known after apply)
      [32m+[0m[0m simulated_data_sharing_consumer               = (known after apply)
      [32m+[0m[0m statement_queued_timeout_in_seconds           = (known after apply)
      [32m+[0m[0m statement_timeout_in_seconds                  = (known after apply)
      [32m+[0m[0m strict_json_output                            = (known after apply)
      [32m+[0m[0m time_input_format                             = (known after apply)
      [32m+[0m[0m time_output_format                            = (known after apply)
      [32m+[0m[0m timestamp_day_is_always_24h                   = (known after apply)
      [32m+[0m[0m timestamp_input_format                        = (known after apply)
      [32m+[0m[0m timestamp_ltz_output_format                   = (known after apply)
      [32m+[0m[0m timestamp_ntz_output_format                   = (known after apply)
      [32m+[0m[0m timestamp_output_format                       = (known after apply)
      [32m+[0m[0m timestamp_type_mapping                        = (known after apply)
      [32m+[0m[0m timestamp_tz_output_format                    = (known after apply)
      [32m+[0m[0m timezone                                      = (known after apply)
      [32m+[0m[0m trace_level                                   = (known after apply)
      [32m+[0m[0m transaction_abort_on_error                    = (known after apply)
      [32m+[0m[0m transaction_default_isolation_level           = (known after apply)
      [32m+[0m[0m two_digit_century_start                       = (known after apply)
      [32m+[0m[0m unsupported_ddl_action                        = (known after apply)
      [32m+[0m[0m use_cached_result                             = (known after apply)
      [32m+[0m[0m user_type                                     = (known after apply)
      [32m+[0m[0m week_of_year_policy                           = (known after apply)
      [32m+[0m[0m week_start                                    = (known after apply)
    }

[1m  # snowflake_user.learners["APP03"][0m will be created
[0m  [32m+[0m[0m resource "snowflake_user" "learners" {
      [32m+[0m[0m abort_detached_query                          = (known after apply)
      [32m+[0m[0m autocommit                                    = (known after apply)
      [32m+[0m[0m binary_input_format                           = (known after apply)
      [32m+[0m[0m binary_output_format                          = (known after apply)
      [32m+[0m[0m client_memory_limit                           = (known after apply)
      [32m+[0m[0m client_metadata_request_use_connection_ctx    = (known after apply)
      [32m+[0m[0m client_prefetch_threads                       = (known after apply)
      [32m+[0m[0m client_result_chunk_size                      = (known after apply)
      [32m+[0m[0m client_result_column_case_insensitive         = (known after apply)
      [32m+[0m[0m client_session_keep_alive                     = (known after apply)
      [32m+[0m[0m client_session_keep_alive_heartbeat_frequency = (known after apply)
      [32m+[0m[0m client_timestamp_type_mapping                 = (known after apply)
      [32m+[0m[0m date_input_format                             = (known after apply)
      [32m+[0m[0m date_output_format                            = (known after apply)
      [32m+[0m[0m default_role                                  = "SYSADMIN"
      [32m+[0m[0m default_secondary_roles_option                = "DEFAULT"
      [32m+[0m[0m disable_mfa                                   = "default"
      [32m+[0m[0m disabled                                      = "false"
      [32m+[0m[0m enable_unload_physical_type_optimization      = (known after apply)
      [32m+[0m[0m enable_unredacted_query_syntax_error          = (known after apply)
      [32m+[0m[0m error_on_nondeterministic_merge               = (known after apply)
      [32m+[0m[0m error_on_nondeterministic_update              = (known after apply)
      [32m+[0m[0m fully_qualified_name                          = (known after apply)
      [32m+[0m[0m geography_output_format                       = (known after apply)
      [32m+[0m[0m geometry_output_format                        = (known after apply)
      [32m+[0m[0m id                                            = (known after apply)
      [32m+[0m[0m jdbc_treat_decimal_as_int                     = (known after apply)
      [32m+[0m[0m jdbc_treat_timestamp_ntz_as_utc               = (known after apply)
      [32m+[0m[0m jdbc_use_session_timezone                     = (known after apply)
      [32m+[0m[0m json_indent                                   = (known after apply)
      [32m+[0m[0m lock_timeout                                  = (known after apply)
      [32m+[0m[0m log_level                                     = (known after apply)
      [32m+[0m[0m mins_to_bypass_mfa                            = 240
      [32m+[0m[0m mins_to_unlock                                = -1
      [32m+[0m[0m multi_statement_count                         = (known after apply)
      [32m+[0m[0m must_change_password                          = "false"
      [32m+[0m[0m name                                          = "apprenant03"
      [32m+[0m[0m network_policy                                = (known after apply)
      [32m+[0m[0m noorder_sequence_as_default                   = (known after apply)
      [32m+[0m[0m odbc_treat_decimal_as_int                     = (known after apply)
      [32m+[0m[0m parameters                                    = (known after apply)
      [32m+[0m[0m password                                      = (sensitive value)
      [32m+[0m[0m prevent_unload_to_internal_stages             = (known after apply)
      [32m+[0m[0m query_tag                                     = (known after apply)
      [32m+[0m[0m quoted_identifiers_ignore_case                = (known after apply)
      [32m+[0m[0m rows_per_resultset                            = (known after apply)
      [32m+[0m[0m s3_stage_vpce_dns_name                        = (known after apply)
      [32m+[0m[0m search_path                                   = (known after apply)
      [32m+[0m[0m show_output                                   = (known after apply)
      [32m+[0m[0m simulated_data_sharing_consumer               = (known after apply)
      [32m+[0m[0m statement_queued_timeout_in_seconds           = (known after apply)
      [32m+[0m[0m statement_timeout_in_seconds                  = (known after apply)
      [32m+[0m[0m strict_json_output                            = (known after apply)
      [32m+[0m[0m time_input_format                             = (known after apply)
      [32m+[0m[0m time_output_format                            = (known after apply)
      [32m+[0m[0m timestamp_day_is_always_24h                   = (known after apply)
      [32m+[0m[0m timestamp_input_format                        = (known after apply)
      [32m+[0m[0m timestamp_ltz_output_format                   = (known after apply)
      [32m+[0m[0m timestamp_ntz_output_format                   = (known after apply)
      [32m+[0m[0m timestamp_output_format                       = (known after apply)
      [32m+[0m[0m timestamp_type_mapping                        = (known after apply)
      [32m+[0m[0m timestamp_tz_output_format                    = (known after apply)
      [32m+[0m[0m timezone                                      = (known after apply)
      [32m+[0m[0m trace_level                                   = (known after apply)
      [32m+[0m[0m transaction_abort_on_error                    = (known after apply)
      [32m+[0m[0m transaction_default_isolation_level           = (known after apply)
      [32m+[0m[0m two_digit_century_start                       = (known after apply)
      [32m+[0m[0m unsupported_ddl_action                        = (known after apply)
      [32m+[0m[0m use_cached_result                             = (known after apply)
      [32m+[0m[0m user_type                                     = (known after apply)
      [32m+[0m[0m week_of_year_policy                           = (known after apply)
      [32m+[0m[0m week_start                                    = (known after apply)
    }

[1m  # snowflake_user.learners["APP04"][0m will be created
[0m  [32m+[0m[0m resource "snowflake_user" "learners" {
      [32m+[0m[0m abort_detached_query                          = (known after apply)
      [32m+[0m[0m autocommit                                    = (known after apply)
      [32m+[0m[0m binary_input_format                           = (known after apply)
      [32m+[0m[0m binary_output_format                          = (known after apply)
      [32m+[0m[0m client_memory_limit                           = (known after apply)
      [32m+[0m[0m client_metadata_request_use_connection_ctx    = (known after apply)
      [32m+[0m[0m client_prefetch_threads                       = (known after apply)
      [32m+[0m[0m client_result_chunk_size                      = (known after apply)
      [32m+[0m[0m client_result_column_case_insensitive         = (known after apply)
      [32m+[0m[0m client_session_keep_alive                     = (known after apply)
      [32m+[0m[0m client_session_keep_alive_heartbeat_frequency = (known after apply)
      [32m+[0m[0m client_timestamp_type_mapping                 = (known after apply)
      [32m+[0m[0m date_input_format                             = (known after apply)
      [32m+[0m[0m date_output_format                            = (known after apply)
      [32m+[0m[0m default_role                                  = "SYSADMIN"
      [32m+[0m[0m default_secondary_roles_option                = "DEFAULT"
      [32m+[0m[0m disable_mfa                                   = "default"
      [32m+[0m[0m disabled                                      = "false"
      [32m+[0m[0m enable_unload_physical_type_optimization      = (known after apply)
      [32m+[0m[0m enable_unredacted_query_syntax_error          = (known after apply)
      [32m+[0m[0m error_on_nondeterministic_merge               = (known after apply)
      [32m+[0m[0m error_on_nondeterministic_update              = (known after apply)
      [32m+[0m[0m fully_qualified_name                          = (known after apply)
      [32m+[0m[0m geography_output_format                       = (known after apply)
      [32m+[0m[0m geometry_output_format                        = (known after apply)
      [32m+[0m[0m id                                            = (known after apply)
      [32m+[0m[0m jdbc_treat_decimal_as_int                     = (known after apply)
      [32m+[0m[0m jdbc_treat_timestamp_ntz_as_utc               = (known after apply)
      [32m+[0m[0m jdbc_use_session_timezone                     = (known after apply)
      [32m+[0m[0m json_indent                                   = (known after apply)
      [32m+[0m[0m lock_timeout                                  = (known after apply)
      [32m+[0m[0m log_level                                     = (known after apply)
      [32m+[0m[0m mins_to_bypass_mfa                            = 240
      [32m+[0m[0m mins_to_unlock                                = -1
      [32m+[0m[0m multi_statement_count                         = (known after apply)
      [32m+[0m[0m must_change_password                          = "false"
      [32m+[0m[0m name                                          = "apprenant04"
      [32m+[0m[0m network_policy                                = (known after apply)
      [32m+[0m[0m noorder_sequence_as_default                   = (known after apply)
      [32m+[0m[0m odbc_treat_decimal_as_int                     = (known after apply)
      [32m+[0m[0m parameters                                    = (known after apply)
      [32m+[0m[0m password                                      = (sensitive value)
      [32m+[0m[0m prevent_unload_to_internal_stages             = (known after apply)
      [32m+[0m[0m query_tag                                     = (known after apply)
      [32m+[0m[0m quoted_identifiers_ignore_case                = (known after apply)
      [32m+[0m[0m rows_per_resultset                            = (known after apply)
      [32m+[0m[0m s3_stage_vpce_dns_name                        = (known after apply)
      [32m+[0m[0m search_path                                   = (known after apply)
      [32m+[0m[0m show_output                                   = (known after apply)
      [32m+[0m[0m simulated_data_sharing_consumer               = (known after apply)
      [32m+[0m[0m statement_queued_timeout_in_seconds           = (known after apply)
      [32m+[0m[0m statement_timeout_in_seconds                  = (known after apply)
      [32m+[0m[0m strict_json_output                            = (known after apply)
      [32m+[0m[0m time_input_format                             = (known after apply)
      [32m+[0m[0m time_output_format                            = (known after apply)
      [32m+[0m[0m timestamp_day_is_always_24h                   = (known after apply)
      [32m+[0m[0m timestamp_input_format                        = (known after apply)
      [32m+[0m[0m timestamp_ltz_output_format                   = (known after apply)
      [32m+[0m[0m timestamp_ntz_output_format                   = (known after apply)
      [32m+[0m[0m timestamp_output_format                       = (known after apply)
      [32m+[0m[0m timestamp_type_mapping                        = (known after apply)
      [32m+[0m[0m timestamp_tz_output_format                    = (known after apply)
      [32m+[0m[0m timezone                                      = (known after apply)
      [32m+[0m[0m trace_level                                   = (known after apply)
      [32m+[0m[0m transaction_abort_on_error                    = (known after apply)
      [32m+[0m[0m transaction_default_isolation_level           = (known after apply)
      [32m+[0m[0m two_digit_century_start                       = (known after apply)
      [32m+[0m[0m unsupported_ddl_action                        = (known after apply)
      [32m+[0m[0m use_cached_result                             = (known after apply)
      [32m+[0m[0m user_type                                     = (known after apply)
      [32m+[0m[0m week_of_year_policy                           = (known after apply)
      [32m+[0m[0m week_start                                    = (known after apply)
    }

[1m  # snowflake_user.learners["APP05"][0m will be created
[0m  [32m+[0m[0m resource "snowflake_user" "learners" {
      [32m+[0m[0m abort_detached_query                          = (known after apply)
      [32m+[0m[0m autocommit                                    = (known after apply)
      [32m+[0m[0m binary_input_format                           = (known after apply)
      [32m+[0m[0m binary_output_format                          = (known after apply)
      [32m+[0m[0m client_memory_limit                           = (known after apply)
      [32m+[0m[0m client_metadata_request_use_connection_ctx    = (known after apply)
      [32m+[0m[0m client_prefetch_threads                       = (known after apply)
      [32m+[0m[0m client_result_chunk_size                      = (known after apply)
      [32m+[0m[0m client_result_column_case_insensitive         = (known after apply)
      [32m+[0m[0m client_session_keep_alive                     = (known after apply)
      [32m+[0m[0m client_session_keep_alive_heartbeat_frequency = (known after apply)
      [32m+[0m[0m client_timestamp_type_mapping                 = (known after apply)
      [32m+[0m[0m date_input_format                             = (known after apply)
      [32m+[0m[0m date_output_format                            = (known after apply)
      [32m+[0m[0m default_role                                  = "SYSADMIN"
      [32m+[0m[0m default_secondary_roles_option                = "DEFAULT"
      [32m+[0m[0m disable_mfa                                   = "default"
      [32m+[0m[0m disabled                                      = "false"
      [32m+[0m[0m enable_unload_physical_type_optimization      = (known after apply)
      [32m+[0m[0m enable_unredacted_query_syntax_error          = (known after apply)
      [32m+[0m[0m error_on_nondeterministic_merge               = (known after apply)
      [32m+[0m[0m error_on_nondeterministic_update              = (known after apply)
      [32m+[0m[0m fully_qualified_name                          = (known after apply)
      [32m+[0m[0m geography_output_format                       = (known after apply)
      [32m+[0m[0m geometry_output_format                        = (known after apply)
      [32m+[0m[0m id                                            = (known after apply)
      [32m+[0m[0m jdbc_treat_decimal_as_int                     = (known after apply)
      [32m+[0m[0m jdbc_treat_timestamp_ntz_as_utc               = (known after apply)
      [32m+[0m[0m jdbc_use_session_timezone                     = (known after apply)
      [32m+[0m[0m json_indent                                   = (known after apply)
      [32m+[0m[0m lock_timeout                                  = (known after apply)
      [32m+[0m[0m log_level                                     = (known after apply)
      [32m+[0m[0m mins_to_bypass_mfa                            = 240
      [32m+[0m[0m mins_to_unlock                                = -1
      [32m+[0m[0m multi_statement_count                         = (known after apply)
      [32m+[0m[0m must_change_password                          = "false"
      [32m+[0m[0m name                                          = "apprenant05"
      [32m+[0m[0m network_policy                                = (known after apply)
      [32m+[0m[0m noorder_sequence_as_default                   = (known after apply)
      [32m+[0m[0m odbc_treat_decimal_as_int                     = (known after apply)
      [32m+[0m[0m parameters                                    = (known after apply)
      [32m+[0m[0m password                                      = (sensitive value)
      [32m+[0m[0m prevent_unload_to_internal_stages             = (known after apply)
      [32m+[0m[0m query_tag                                     = (known after apply)
      [32m+[0m[0m quoted_identifiers_ignore_case                = (known after apply)
      [32m+[0m[0m rows_per_resultset                            = (known after apply)
      [32m+[0m[0m s3_stage_vpce_dns_name                        = (known after apply)
      [32m+[0m[0m search_path                                   = (known after apply)
      [32m+[0m[0m show_output                                   = (known after apply)
      [32m+[0m[0m simulated_data_sharing_consumer               = (known after apply)
      [32m+[0m[0m statement_queued_timeout_in_seconds           = (known after apply)
      [32m+[0m[0m statement_timeout_in_seconds                  = (known after apply)
      [32m+[0m[0m strict_json_output                            = (known after apply)
      [32m+[0m[0m time_input_format                             = (known after apply)
      [32m+[0m[0m time_output_format                            = (known after apply)
      [32m+[0m[0m timestamp_day_is_always_24h                   = (known after apply)
      [32m+[0m[0m timestamp_input_format                        = (known after apply)
      [32m+[0m[0m timestamp_ltz_output_format                   = (known after apply)
      [32m+[0m[0m timestamp_ntz_output_format                   = (known after apply)
      [32m+[0m[0m timestamp_output_format                       = (known after apply)
      [32m+[0m[0m timestamp_type_mapping                        = (known after apply)
      [32m+[0m[0m timestamp_tz_output_format                    = (known after apply)
      [32m+[0m[0m timezone                                      = (known after apply)
      [32m+[0m[0m trace_level                                   = (known after apply)
      [32m+[0m[0m transaction_abort_on_error                    = (known after apply)
      [32m+[0m[0m transaction_default_isolation_level           = (known after apply)
      [32m+[0m[0m two_digit_century_start                       = (known after apply)
      [32m+[0m[0m unsupported_ddl_action                        = (known after apply)
      [32m+[0m[0m use_cached_result                             = (known after apply)
      [32m+[0m[0m user_type                                     = (known after apply)
      [32m+[0m[0m week_of_year_policy                           = (known after apply)
      [32m+[0m[0m week_start                                    = (known after apply)
    }

[1m  # snowflake_user.learners["APP06"][0m will be created
[0m  [32m+[0m[0m resource "snowflake_user" "learners" {
      [32m+[0m[0m abort_detached_query                          = (known after apply)
      [32m+[0m[0m autocommit                                    = (known after apply)
      [32m+[0m[0m binary_input_format                           = (known after apply)
      [32m+[0m[0m binary_output_format                          = (known after apply)
      [32m+[0m[0m client_memory_limit                           = (known after apply)
      [32m+[0m[0m client_metadata_request_use_connection_ctx    = (known after apply)
      [32m+[0m[0m client_prefetch_threads                       = (known after apply)
      [32m+[0m[0m client_result_chunk_size                      = (known after apply)
      [32m+[0m[0m client_result_column_case_insensitive         = (known after apply)
      [32m+[0m[0m client_session_keep_alive                     = (known after apply)
      [32m+[0m[0m client_session_keep_alive_heartbeat_frequency = (known after apply)
      [32m+[0m[0m client_timestamp_type_mapping                 = (known after apply)
      [32m+[0m[0m date_input_format                             = (known after apply)
      [32m+[0m[0m date_output_format                            = (known after apply)
      [32m+[0m[0m default_role                                  = "SYSADMIN"
      [32m+[0m[0m default_secondary_roles_option                = "DEFAULT"
      [32m+[0m[0m disable_mfa                                   = "default"
      [32m+[0m[0m disabled                                      = "false"
      [32m+[0m[0m enable_unload_physical_type_optimization      = (known after apply)
      [32m+[0m[0m enable_unredacted_query_syntax_error          = (known after apply)
      [32m+[0m[0m error_on_nondeterministic_merge               = (known after apply)
      [32m+[0m[0m error_on_nondeterministic_update              = (known after apply)
      [32m+[0m[0m fully_qualified_name                          = (known after apply)
      [32m+[0m[0m geography_output_format                       = (known after apply)
      [32m+[0m[0m geometry_output_format                        = (known after apply)
      [32m+[0m[0m id                                            = (known after apply)
      [32m+[0m[0m jdbc_treat_decimal_as_int                     = (known after apply)
      [32m+[0m[0m jdbc_treat_timestamp_ntz_as_utc               = (known after apply)
      [32m+[0m[0m jdbc_use_session_timezone                     = (known after apply)
      [32m+[0m[0m json_indent                                   = (known after apply)
      [32m+[0m[0m lock_timeout                                  = (known after apply)
      [32m+[0m[0m log_level                                     = (known after apply)
      [32m+[0m[0m mins_to_bypass_mfa                            = 240
      [32m+[0m[0m mins_to_unlock                                = -1
      [32m+[0m[0m multi_statement_count                         = (known after apply)
      [32m+[0m[0m must_change_password                          = "false"
      [32m+[0m[0m name                                          = "apprenant06"
      [32m+[0m[0m network_policy                                = (known after apply)
      [32m+[0m[0m noorder_sequence_as_default                   = (known after apply)
      [32m+[0m[0m odbc_treat_decimal_as_int                     = (known after apply)
      [32m+[0m[0m parameters                                    = (known after apply)
      [32m+[0m[0m password                                      = (sensitive value)
      [32m+[0m[0m prevent_unload_to_internal_stages             = (known after apply)
      [32m+[0m[0m query_tag                                     = (known after apply)
      [32m+[0m[0m quoted_identifiers_ignore_case                = (known after apply)
      [32m+[0m[0m rows_per_resultset                            = (known after apply)
      [32m+[0m[0m s3_stage_vpce_dns_name                        = (known after apply)
      [32m+[0m[0m search_path                                   = (known after apply)
      [32m+[0m[0m show_output                                   = (known after apply)
      [32m+[0m[0m simulated_data_sharing_consumer               = (known after apply)
      [32m+[0m[0m statement_queued_timeout_in_seconds           = (known after apply)
      [32m+[0m[0m statement_timeout_in_seconds                  = (known after apply)
      [32m+[0m[0m strict_json_output                            = (known after apply)
      [32m+[0m[0m time_input_format                             = (known after apply)
      [32m+[0m[0m time_output_format                            = (known after apply)
      [32m+[0m[0m timestamp_day_is_always_24h                   = (known after apply)
      [32m+[0m[0m timestamp_input_format                        = (known after apply)
      [32m+[0m[0m timestamp_ltz_output_format                   = (known after apply)
      [32m+[0m[0m timestamp_ntz_output_format                   = (known after apply)
      [32m+[0m[0m timestamp_output_format                       = (known after apply)
      [32m+[0m[0m timestamp_type_mapping                        = (known after apply)
      [32m+[0m[0m timestamp_tz_output_format                    = (known after apply)
      [32m+[0m[0m timezone                                      = (known after apply)
      [32m+[0m[0m trace_level                                   = (known after apply)
      [32m+[0m[0m transaction_abort_on_error                    = (known after apply)
      [32m+[0m[0m transaction_default_isolation_level           = (known after apply)
      [32m+[0m[0m two_digit_century_start                       = (known after apply)
      [32m+[0m[0m unsupported_ddl_action                        = (known after apply)
      [32m+[0m[0m use_cached_result                             = (known after apply)
      [32m+[0m[0m user_type                                     = (known after apply)
      [32m+[0m[0m week_of_year_policy                           = (known after apply)
      [32m+[0m[0m week_start                                    = (known after apply)
    }

[1m  # snowflake_user.learners["APP07"][0m will be created
[0m  [32m+[0m[0m resource "snowflake_user" "learners" {
      [32m+[0m[0m abort_detached_query                          = (known after apply)
      [32m+[0m[0m autocommit                                    = (known after apply)
      [32m+[0m[0m binary_input_format                           = (known after apply)
      [32m+[0m[0m binary_output_format                          = (known after apply)
      [32m+[0m[0m client_memory_limit                           = (known after apply)
      [32m+[0m[0m client_metadata_request_use_connection_ctx    = (known after apply)
      [32m+[0m[0m client_prefetch_threads                       = (known after apply)
      [32m+[0m[0m client_result_chunk_size                      = (known after apply)
      [32m+[0m[0m client_result_column_case_insensitive         = (known after apply)
      [32m+[0m[0m client_session_keep_alive                     = (known after apply)
      [32m+[0m[0m client_session_keep_alive_heartbeat_frequency = (known after apply)
      [32m+[0m[0m client_timestamp_type_mapping                 = (known after apply)
      [32m+[0m[0m date_input_format                             = (known after apply)
      [32m+[0m[0m date_output_format                            = (known after apply)
      [32m+[0m[0m default_role                                  = "SYSADMIN"
      [32m+[0m[0m default_secondary_roles_option                = "DEFAULT"
      [32m+[0m[0m disable_mfa                                   = "default"
      [32m+[0m[0m disabled                                      = "false"
      [32m+[0m[0m enable_unload_physical_type_optimization      = (known after apply)
      [32m+[0m[0m enable_unredacted_query_syntax_error          = (known after apply)
      [32m+[0m[0m error_on_nondeterministic_merge               = (known after apply)
      [32m+[0m[0m error_on_nondeterministic_update              = (known after apply)
      [32m+[0m[0m fully_qualified_name                          = (known after apply)
      [32m+[0m[0m geography_output_format                       = (known after apply)
      [32m+[0m[0m geometry_output_format                        = (known after apply)
      [32m+[0m[0m id                                            = (known after apply)
      [32m+[0m[0m jdbc_treat_decimal_as_int                     = (known after apply)
      [32m+[0m[0m jdbc_treat_timestamp_ntz_as_utc               = (known after apply)
      [32m+[0m[0m jdbc_use_session_timezone                     = (known after apply)
      [32m+[0m[0m json_indent                                   = (known after apply)
      [32m+[0m[0m lock_timeout                                  = (known after apply)
      [32m+[0m[0m log_level                                     = (known after apply)
      [32m+[0m[0m mins_to_bypass_mfa                            = 240
      [32m+[0m[0m mins_to_unlock                                = -1
      [32m+[0m[0m multi_statement_count                         = (known after apply)
      [32m+[0m[0m must_change_password                          = "false"
      [32m+[0m[0m name                                          = "apprenant07"
      [32m+[0m[0m network_policy                                = (known after apply)
      [32m+[0m[0m noorder_sequence_as_default                   = (known after apply)
      [32m+[0m[0m odbc_treat_decimal_as_int                     = (known after apply)
      [32m+[0m[0m parameters                                    = (known after apply)
      [32m+[0m[0m password                                      = (sensitive value)
      [32m+[0m[0m prevent_unload_to_internal_stages             = (known after apply)
      [32m+[0m[0m query_tag                                     = (known after apply)
      [32m+[0m[0m quoted_identifiers_ignore_case                = (known after apply)
      [32m+[0m[0m rows_per_resultset                            = (known after apply)
      [32m+[0m[0m s3_stage_vpce_dns_name                        = (known after apply)
      [32m+[0m[0m search_path                                   = (known after apply)
      [32m+[0m[0m show_output                                   = (known after apply)
      [32m+[0m[0m simulated_data_sharing_consumer               = (known after apply)
      [32m+[0m[0m statement_queued_timeout_in_seconds           = (known after apply)
      [32m+[0m[0m statement_timeout_in_seconds                  = (known after apply)
      [32m+[0m[0m strict_json_output                            = (known after apply)
      [32m+[0m[0m time_input_format                             = (known after apply)
      [32m+[0m[0m time_output_format                            = (known after apply)
      [32m+[0m[0m timestamp_day_is_always_24h                   = (known after apply)
      [32m+[0m[0m timestamp_input_format                        = (known after apply)
      [32m+[0m[0m timestamp_ltz_output_format                   = (known after apply)
      [32m+[0m[0m timestamp_ntz_output_format                   = (known after apply)
      [32m+[0m[0m timestamp_output_format                       = (known after apply)
      [32m+[0m[0m timestamp_type_mapping                        = (known after apply)
      [32m+[0m[0m timestamp_tz_output_format                    = (known after apply)
      [32m+[0m[0m timezone                                      = (known after apply)
      [32m+[0m[0m trace_level                                   = (known after apply)
      [32m+[0m[0m transaction_abort_on_error                    = (known after apply)
      [32m+[0m[0m transaction_default_isolation_level           = (known after apply)
      [32m+[0m[0m two_digit_century_start                       = (known after apply)
      [32m+[0m[0m unsupported_ddl_action                        = (known after apply)
      [32m+[0m[0m use_cached_result                             = (known after apply)
      [32m+[0m[0m user_type                                     = (known after apply)
      [32m+[0m[0m week_of_year_policy                           = (known after apply)
      [32m+[0m[0m week_start                                    = (known after apply)
    }

[1m  # snowflake_user.learners["APP08"][0m will be created
[0m  [32m+[0m[0m resource "snowflake_user" "learners" {
      [32m+[0m[0m abort_detached_query                          = (known after apply)
      [32m+[0m[0m autocommit                                    = (known after apply)
      [32m+[0m[0m binary_input_format                           = (known after apply)
      [32m+[0m[0m binary_output_format                          = (known after apply)
      [32m+[0m[0m client_memory_limit                           = (known after apply)
      [32m+[0m[0m client_metadata_request_use_connection_ctx    = (known after apply)
      [32m+[0m[0m client_prefetch_threads                       = (known after apply)
      [32m+[0m[0m client_result_chunk_size                      = (known after apply)
      [32m+[0m[0m client_result_column_case_insensitive         = (known after apply)
      [32m+[0m[0m client_session_keep_alive                     = (known after apply)
      [32m+[0m[0m client_session_keep_alive_heartbeat_frequency = (known after apply)
      [32m+[0m[0m client_timestamp_type_mapping                 = (known after apply)
      [32m+[0m[0m date_input_format                             = (known after apply)
      [32m+[0m[0m date_output_format                            = (known after apply)
      [32m+[0m[0m default_role                                  = "SYSADMIN"
      [32m+[0m[0m default_secondary_roles_option                = "DEFAULT"
      [32m+[0m[0m disable_mfa                                   = "default"
      [32m+[0m[0m disabled                                      = "false"
      [32m+[0m[0m enable_unload_physical_type_optimization      = (known after apply)
      [32m+[0m[0m enable_unredacted_query_syntax_error          = (known after apply)
      [32m+[0m[0m error_on_nondeterministic_merge               = (known after apply)
      [32m+[0m[0m error_on_nondeterministic_update              = (known after apply)
      [32m+[0m[0m fully_qualified_name                          = (known after apply)
      [32m+[0m[0m geography_output_format                       = (known after apply)
      [32m+[0m[0m geometry_output_format                        = (known after apply)
      [32m+[0m[0m id                                            = (known after apply)
      [32m+[0m[0m jdbc_treat_decimal_as_int                     = (known after apply)
      [32m+[0m[0m jdbc_treat_timestamp_ntz_as_utc               = (known after apply)
      [32m+[0m[0m jdbc_use_session_timezone                     = (known after apply)
      [32m+[0m[0m json_indent                                   = (known after apply)
      [32m+[0m[0m lock_timeout                                  = (known after apply)
      [32m+[0m[0m log_level                                     = (known after apply)
      [32m+[0m[0m mins_to_bypass_mfa                            = 240
      [32m+[0m[0m mins_to_unlock                                = -1
      [32m+[0m[0m multi_statement_count                         = (known after apply)
      [32m+[0m[0m must_change_password                          = "false"
      [32m+[0m[0m name                                          = "apprenant08"
      [32m+[0m[0m network_policy                                = (known after apply)
      [32m+[0m[0m noorder_sequence_as_default                   = (known after apply)
      [32m+[0m[0m odbc_treat_decimal_as_int                     = (known after apply)
      [32m+[0m[0m parameters                                    = (known after apply)
      [32m+[0m[0m password                                      = (sensitive value)
      [32m+[0m[0m prevent_unload_to_internal_stages             = (known after apply)
      [32m+[0m[0m query_tag                                     = (known after apply)
      [32m+[0m[0m quoted_identifiers_ignore_case                = (known after apply)
      [32m+[0m[0m rows_per_resultset                            = (known after apply)
      [32m+[0m[0m s3_stage_vpce_dns_name                        = (known after apply)
      [32m+[0m[0m search_path                                   = (known after apply)
      [32m+[0m[0m show_output                                   = (known after apply)
      [32m+[0m[0m simulated_data_sharing_consumer               = (known after apply)
      [32m+[0m[0m statement_queued_timeout_in_seconds           = (known after apply)
      [32m+[0m[0m statement_timeout_in_seconds                  = (known after apply)
      [32m+[0m[0m strict_json_output                            = (known after apply)
      [32m+[0m[0m time_input_format                             = (known after apply)
      [32m+[0m[0m time_output_format                            = (known after apply)
      [32m+[0m[0m timestamp_day_is_always_24h                   = (known after apply)
      [32m+[0m[0m timestamp_input_format                        = (known after apply)
      [32m+[0m[0m timestamp_ltz_output_format                   = (known after apply)
      [32m+[0m[0m timestamp_ntz_output_format                   = (known after apply)
      [32m+[0m[0m timestamp_output_format                       = (known after apply)
      [32m+[0m[0m timestamp_type_mapping                        = (known after apply)
      [32m+[0m[0m timestamp_tz_output_format                    = (known after apply)
      [32m+[0m[0m timezone                                      = (known after apply)
      [32m+[0m[0m trace_level                                   = (known after apply)
      [32m+[0m[0m transaction_abort_on_error                    = (known after apply)
      [32m+[0m[0m transaction_default_isolation_level           = (known after apply)
      [32m+[0m[0m two_digit_century_start                       = (known after apply)
      [32m+[0m[0m unsupported_ddl_action                        = (known after apply)
      [32m+[0m[0m use_cached_result                             = (known after apply)
      [32m+[0m[0m user_type                                     = (known after apply)
      [32m+[0m[0m week_of_year_policy                           = (known after apply)
      [32m+[0m[0m week_start                                    = (known after apply)
    }

[1m  # snowflake_user.learners["APP09"][0m will be created
[0m  [32m+[0m[0m resource "snowflake_user" "learners" {
      [32m+[0m[0m abort_detached_query                          = (known after apply)
      [32m+[0m[0m autocommit                                    = (known after apply)
      [32m+[0m[0m binary_input_format                           = (known after apply)
      [32m+[0m[0m binary_output_format                          = (known after apply)
      [32m+[0m[0m client_memory_limit                           = (known after apply)
      [32m+[0m[0m client_metadata_request_use_connection_ctx    = (known after apply)
      [32m+[0m[0m client_prefetch_threads                       = (known after apply)
      [32m+[0m[0m client_result_chunk_size                      = (known after apply)
      [32m+[0m[0m client_result_column_case_insensitive         = (known after apply)
      [32m+[0m[0m client_session_keep_alive                     = (known after apply)
      [32m+[0m[0m client_session_keep_alive_heartbeat_frequency = (known after apply)
      [32m+[0m[0m client_timestamp_type_mapping                 = (known after apply)
      [32m+[0m[0m date_input_format                             = (known after apply)
      [32m+[0m[0m date_output_format                            = (known after apply)
      [32m+[0m[0m default_role                                  = "SYSADMIN"
      [32m+[0m[0m default_secondary_roles_option                = "DEFAULT"
      [32m+[0m[0m disable_mfa                                   = "default"
      [32m+[0m[0m disabled                                      = "false"
      [32m+[0m[0m enable_unload_physical_type_optimization      = (known after apply)
      [32m+[0m[0m enable_unredacted_query_syntax_error          = (known after apply)
      [32m+[0m[0m error_on_nondeterministic_merge               = (known after apply)
      [32m+[0m[0m error_on_nondeterministic_update              = (known after apply)
      [32m+[0m[0m fully_qualified_name                          = (known after apply)
      [32m+[0m[0m geography_output_format                       = (known after apply)
      [32m+[0m[0m geometry_output_format                        = (known after apply)
      [32m+[0m[0m id                                            = (known after apply)
      [32m+[0m[0m jdbc_treat_decimal_as_int                     = (known after apply)
      [32m+[0m[0m jdbc_treat_timestamp_ntz_as_utc               = (known after apply)
      [32m+[0m[0m jdbc_use_session_timezone                     = (known after apply)
      [32m+[0m[0m json_indent                                   = (known after apply)
      [32m+[0m[0m lock_timeout                                  = (known after apply)
      [32m+[0m[0m log_level                                     = (known after apply)
      [32m+[0m[0m mins_to_bypass_mfa                            = 240
      [32m+[0m[0m mins_to_unlock                                = -1
      [32m+[0m[0m multi_statement_count                         = (known after apply)
      [32m+[0m[0m must_change_password                          = "false"
      [32m+[0m[0m name                                          = "apprenant09"
      [32m+[0m[0m network_policy                                = (known after apply)
      [32m+[0m[0m noorder_sequence_as_default                   = (known after apply)
      [32m+[0m[0m odbc_treat_decimal_as_int                     = (known after apply)
      [32m+[0m[0m parameters                                    = (known after apply)
      [32m+[0m[0m password                                      = (sensitive value)
      [32m+[0m[0m prevent_unload_to_internal_stages             = (known after apply)
      [32m+[0m[0m query_tag                                     = (known after apply)
      [32m+[0m[0m quoted_identifiers_ignore_case                = (known after apply)
      [32m+[0m[0m rows_per_resultset                            = (known after apply)
      [32m+[0m[0m s3_stage_vpce_dns_name                        = (known after apply)
      [32m+[0m[0m search_path                                   = (known after apply)
      [32m+[0m[0m show_output                                   = (known after apply)
      [32m+[0m[0m simulated_data_sharing_consumer               = (known after apply)
      [32m+[0m[0m statement_queued_timeout_in_seconds           = (known after apply)
      [32m+[0m[0m statement_timeout_in_seconds                  = (known after apply)
      [32m+[0m[0m strict_json_output                            = (known after apply)
      [32m+[0m[0m time_input_format                             = (known after apply)
      [32m+[0m[0m time_output_format                            = (known after apply)
      [32m+[0m[0m timestamp_day_is_always_24h                   = (known after apply)
      [32m+[0m[0m timestamp_input_format                        = (known after apply)
      [32m+[0m[0m timestamp_ltz_output_format                   = (known after apply)
      [32m+[0m[0m timestamp_ntz_output_format                   = (known after apply)
      [32m+[0m[0m timestamp_output_format                       = (known after apply)
      [32m+[0m[0m timestamp_type_mapping                        = (known after apply)
      [32m+[0m[0m timestamp_tz_output_format                    = (known after apply)
      [32m+[0m[0m timezone                                      = (known after apply)
      [32m+[0m[0m trace_level                                   = (known after apply)
      [32m+[0m[0m transaction_abort_on_error                    = (known after apply)
      [32m+[0m[0m transaction_default_isolation_level           = (known after apply)
      [32m+[0m[0m two_digit_century_start                       = (known after apply)
      [32m+[0m[0m unsupported_ddl_action                        = (known after apply)
      [32m+[0m[0m use_cached_result                             = (known after apply)
      [32m+[0m[0m user_type                                     = (known after apply)
      [32m+[0m[0m week_of_year_policy                           = (known after apply)
      [32m+[0m[0m week_start                                    = (known after apply)
    }

[1m  # snowflake_user.learners["APP10"][0m will be created
[0m  [32m+[0m[0m resource "snowflake_user" "learners" {
      [32m+[0m[0m abort_detached_query                          = (known after apply)
      [32m+[0m[0m autocommit                                    = (known after apply)
      [32m+[0m[0m binary_input_format                           = (known after apply)
      [32m+[0m[0m binary_output_format                          = (known after apply)
      [32m+[0m[0m client_memory_limit                           = (known after apply)
      [32m+[0m[0m client_metadata_request_use_connection_ctx    = (known after apply)
      [32m+[0m[0m client_prefetch_threads                       = (known after apply)
      [32m+[0m[0m client_result_chunk_size                      = (known after apply)
      [32m+[0m[0m client_result_column_case_insensitive         = (known after apply)
      [32m+[0m[0m client_session_keep_alive                     = (known after apply)
      [32m+[0m[0m client_session_keep_alive_heartbeat_frequency = (known after apply)
      [32m+[0m[0m client_timestamp_type_mapping                 = (known after apply)
      [32m+[0m[0m date_input_format                             = (known after apply)
      [32m+[0m[0m date_output_format                            = (known after apply)
      [32m+[0m[0m default_role                                  = "SYSADMIN"
      [32m+[0m[0m default_secondary_roles_option                = "DEFAULT"
      [32m+[0m[0m disable_mfa                                   = "default"
      [32m+[0m[0m disabled                                      = "false"
      [32m+[0m[0m enable_unload_physical_type_optimization      = (known after apply)
      [32m+[0m[0m enable_unredacted_query_syntax_error          = (known after apply)
      [32m+[0m[0m error_on_nondeterministic_merge               = (known after apply)
      [32m+[0m[0m error_on_nondeterministic_update              = (known after apply)
      [32m+[0m[0m fully_qualified_name                          = (known after apply)
      [32m+[0m[0m geography_output_format                       = (known after apply)
      [32m+[0m[0m geometry_output_format                        = (known after apply)
      [32m+[0m[0m id                                            = (known after apply)
      [32m+[0m[0m jdbc_treat_decimal_as_int                     = (known after apply)
      [32m+[0m[0m jdbc_treat_timestamp_ntz_as_utc               = (known after apply)
      [32m+[0m[0m jdbc_use_session_timezone                     = (known after apply)
      [32m+[0m[0m json_indent                                   = (known after apply)
      [32m+[0m[0m lock_timeout                                  = (known after apply)
      [32m+[0m[0m log_level                                     = (known after apply)
      [32m+[0m[0m mins_to_bypass_mfa                            = 240
      [32m+[0m[0m mins_to_unlock                                = -1
      [32m+[0m[0m multi_statement_count                         = (known after apply)
      [32m+[0m[0m must_change_password                          = "false"
      [32m+[0m[0m name                                          = "apprenant10"
      [32m+[0m[0m network_policy                                = (known after apply)
      [32m+[0m[0m noorder_sequence_as_default                   = (known after apply)
      [32m+[0m[0m odbc_treat_decimal_as_int                     = (known after apply)
      [32m+[0m[0m parameters                                    = (known after apply)
      [32m+[0m[0m password                                      = (sensitive value)
      [32m+[0m[0m prevent_unload_to_internal_stages             = (known after apply)
      [32m+[0m[0m query_tag                                     = (known after apply)
      [32m+[0m[0m quoted_identifiers_ignore_case                = (known after apply)
      [32m+[0m[0m rows_per_resultset                            = (known after apply)
      [32m+[0m[0m s3_stage_vpce_dns_name                        = (known after apply)
      [32m+[0m[0m search_path                                   = (known after apply)
      [32m+[0m[0m show_output                                   = (known after apply)
      [32m+[0m[0m simulated_data_sharing_consumer               = (known after apply)
      [32m+[0m[0m statement_queued_timeout_in_seconds           = (known after apply)
      [32m+[0m[0m statement_timeout_in_seconds                  = (known after apply)
      [32m+[0m[0m strict_json_output                            = (known after apply)
      [32m+[0m[0m time_input_format                             = (known after apply)
      [32m+[0m[0m time_output_format                            = (known after apply)
      [32m+[0m[0m timestamp_day_is_always_24h                   = (known after apply)
      [32m+[0m[0m timestamp_input_format                        = (known after apply)
      [32m+[0m[0m timestamp_ltz_output_format                   = (known after apply)
      [32m+[0m[0m timestamp_ntz_output_format                   = (known after apply)
      [32m+[0m[0m timestamp_output_format                       = (known after apply)
      [32m+[0m[0m timestamp_type_mapping                        = (known after apply)
      [32m+[0m[0m timestamp_tz_output_format                    = (known after apply)
      [32m+[0m[0m timezone                                      = (known after apply)
      [32m+[0m[0m trace_level                                   = (known after apply)
      [32m+[0m[0m transaction_abort_on_error                    = (known after apply)
      [32m+[0m[0m transaction_default_isolation_level           = (known after apply)
      [32m+[0m[0m two_digit_century_start                       = (known after apply)
      [32m+[0m[0m unsupported_ddl_action                        = (known after apply)
      [32m+[0m[0m use_cached_result                             = (known after apply)
      [32m+[0m[0m user_type                                     = (known after apply)
      [32m+[0m[0m week_of_year_policy                           = (known after apply)
      [32m+[0m[0m week_start                                    = (known after apply)
    }

[1m  # snowflake_user.learners["APP11"][0m will be created
[0m  [32m+[0m[0m resource "snowflake_user" "learners" {
      [32m+[0m[0m abort_detached_query                          = (known after apply)
      [32m+[0m[0m autocommit                                    = (known after apply)
      [32m+[0m[0m binary_input_format                           = (known after apply)
      [32m+[0m[0m binary_output_format                          = (known after apply)
      [32m+[0m[0m client_memory_limit                           = (known after apply)
      [32m+[0m[0m client_metadata_request_use_connection_ctx    = (known after apply)
      [32m+[0m[0m client_prefetch_threads                       = (known after apply)
      [32m+[0m[0m client_result_chunk_size                      = (known after apply)
      [32m+[0m[0m client_result_column_case_insensitive         = (known after apply)
      [32m+[0m[0m client_session_keep_alive                     = (known after apply)
      [32m+[0m[0m client_session_keep_alive_heartbeat_frequency = (known after apply)
      [32m+[0m[0m client_timestamp_type_mapping                 = (known after apply)
      [32m+[0m[0m date_input_format                             = (known after apply)
      [32m+[0m[0m date_output_format                            = (known after apply)
      [32m+[0m[0m default_role                                  = "SYSADMIN"
      [32m+[0m[0m default_secondary_roles_option                = "DEFAULT"
      [32m+[0m[0m disable_mfa                                   = "default"
      [32m+[0m[0m disabled                                      = "false"
      [32m+[0m[0m enable_unload_physical_type_optimization      = (known after apply)
      [32m+[0m[0m enable_unredacted_query_syntax_error          = (known after apply)
      [32m+[0m[0m error_on_nondeterministic_merge               = (known after apply)
      [32m+[0m[0m error_on_nondeterministic_update              = (known after apply)
      [32m+[0m[0m fully_qualified_name                          = (known after apply)
      [32m+[0m[0m geography_output_format                       = (known after apply)
      [32m+[0m[0m geometry_output_format                        = (known after apply)
      [32m+[0m[0m id                                            = (known after apply)
      [32m+[0m[0m jdbc_treat_decimal_as_int                     = (known after apply)
      [32m+[0m[0m jdbc_treat_timestamp_ntz_as_utc               = (known after apply)
      [32m+[0m[0m jdbc_use_session_timezone                     = (known after apply)
      [32m+[0m[0m json_indent                                   = (known after apply)
      [32m+[0m[0m lock_timeout                                  = (known after apply)
      [32m+[0m[0m log_level                                     = (known after apply)
      [32m+[0m[0m mins_to_bypass_mfa                            = 240
      [32m+[0m[0m mins_to_unlock                                = -1
      [32m+[0m[0m multi_statement_count                         = (known after apply)
      [32m+[0m[0m must_change_password                          = "false"
      [32m+[0m[0m name                                          = "apprenant11"
      [32m+[0m[0m network_policy                                = (known after apply)
      [32m+[0m[0m noorder_sequence_as_default                   = (known after apply)
      [32m+[0m[0m odbc_treat_decimal_as_int                     = (known after apply)
      [32m+[0m[0m parameters                                    = (known after apply)
      [32m+[0m[0m password                                      = (sensitive value)
      [32m+[0m[0m prevent_unload_to_internal_stages             = (known after apply)
      [32m+[0m[0m query_tag                                     = (known after apply)
      [32m+[0m[0m quoted_identifiers_ignore_case                = (known after apply)
      [32m+[0m[0m rows_per_resultset                            = (known after apply)
      [32m+[0m[0m s3_stage_vpce_dns_name                        = (known after apply)
      [32m+[0m[0m search_path                                   = (known after apply)
      [32m+[0m[0m show_output                                   = (known after apply)
      [32m+[0m[0m simulated_data_sharing_consumer               = (known after apply)
      [32m+[0m[0m statement_queued_timeout_in_seconds           = (known after apply)
      [32m+[0m[0m statement_timeout_in_seconds                  = (known after apply)
      [32m+[0m[0m strict_json_output                            = (known after apply)
      [32m+[0m[0m time_input_format                             = (known after apply)
      [32m+[0m[0m time_output_format                            = (known after apply)
      [32m+[0m[0m timestamp_day_is_always_24h                   = (known after apply)
      [32m+[0m[0m timestamp_input_format                        = (known after apply)
      [32m+[0m[0m timestamp_ltz_output_format                   = (known after apply)
      [32m+[0m[0m timestamp_ntz_output_format                   = (known after apply)
      [32m+[0m[0m timestamp_output_format                       = (known after apply)
      [32m+[0m[0m timestamp_type_mapping                        = (known after apply)
      [32m+[0m[0m timestamp_tz_output_format                    = (known after apply)
      [32m+[0m[0m timezone                                      = (known after apply)
      [32m+[0m[0m trace_level                                   = (known after apply)
      [32m+[0m[0m transaction_abort_on_error                    = (known after apply)
      [32m+[0m[0m transaction_default_isolation_level           = (known after apply)
      [32m+[0m[0m two_digit_century_start                       = (known after apply)
      [32m+[0m[0m unsupported_ddl_action                        = (known after apply)
      [32m+[0m[0m use_cached_result                             = (known after apply)
      [32m+[0m[0m user_type                                     = (known after apply)
      [32m+[0m[0m week_of_year_policy                           = (known after apply)
      [32m+[0m[0m week_start                                    = (known after apply)
    }

[1m  # snowflake_user.learners["APP12"][0m will be created
[0m  [32m+[0m[0m resource "snowflake_user" "learners" {
      [32m+[0m[0m abort_detached_query                          = (known after apply)
      [32m+[0m[0m autocommit                                    = (known after apply)
      [32m+[0m[0m binary_input_format                           = (known after apply)
      [32m+[0m[0m binary_output_format                          = (known after apply)
      [32m+[0m[0m client_memory_limit                           = (known after apply)
      [32m+[0m[0m client_metadata_request_use_connection_ctx    = (known after apply)
      [32m+[0m[0m client_prefetch_threads                       = (known after apply)
      [32m+[0m[0m client_result_chunk_size                      = (known after apply)
      [32m+[0m[0m client_result_column_case_insensitive         = (known after apply)
      [32m+[0m[0m client_session_keep_alive                     = (known after apply)
      [32m+[0m[0m client_session_keep_alive_heartbeat_frequency = (known after apply)
      [32m+[0m[0m client_timestamp_type_mapping                 = (known after apply)
      [32m+[0m[0m date_input_format                             = (known after apply)
      [32m+[0m[0m date_output_format                            = (known after apply)
      [32m+[0m[0m default_role                                  = "SYSADMIN"
      [32m+[0m[0m default_secondary_roles_option                = "DEFAULT"
      [32m+[0m[0m disable_mfa                                   = "default"
      [32m+[0m[0m disabled                                      = "false"
      [32m+[0m[0m enable_unload_physical_type_optimization      = (known after apply)
      [32m+[0m[0m enable_unredacted_query_syntax_error          = (known after apply)
      [32m+[0m[0m error_on_nondeterministic_merge               = (known after apply)
      [32m+[0m[0m error_on_nondeterministic_update              = (known after apply)
      [32m+[0m[0m fully_qualified_name                          = (known after apply)
      [32m+[0m[0m geography_output_format                       = (known after apply)
      [32m+[0m[0m geometry_output_format                        = (known after apply)
      [32m+[0m[0m id                                            = (known after apply)
      [32m+[0m[0m jdbc_treat_decimal_as_int                     = (known after apply)
      [32m+[0m[0m jdbc_treat_timestamp_ntz_as_utc               = (known after apply)
      [32m+[0m[0m jdbc_use_session_timezone                     = (known after apply)
      [32m+[0m[0m json_indent                                   = (known after apply)
      [32m+[0m[0m lock_timeout                                  = (known after apply)
      [32m+[0m[0m log_level                                     = (known after apply)
      [32m+[0m[0m mins_to_bypass_mfa                            = 240
      [32m+[0m[0m mins_to_unlock                                = -1
      [32m+[0m[0m multi_statement_count                         = (known after apply)
      [32m+[0m[0m must_change_password                          = "false"
      [32m+[0m[0m name                                          = "apprenant12"
      [32m+[0m[0m network_policy                                = (known after apply)
      [32m+[0m[0m noorder_sequence_as_default                   = (known after apply)
      [32m+[0m[0m odbc_treat_decimal_as_int                     = (known after apply)
      [32m+[0m[0m parameters                                    = (known after apply)
      [32m+[0m[0m password                                      = (sensitive value)
      [32m+[0m[0m prevent_unload_to_internal_stages             = (known after apply)
      [32m+[0m[0m query_tag                                     = (known after apply)
      [32m+[0m[0m quoted_identifiers_ignore_case                = (known after apply)
      [32m+[0m[0m rows_per_resultset                            = (known after apply)
      [32m+[0m[0m s3_stage_vpce_dns_name                        = (known after apply)
      [32m+[0m[0m search_path                                   = (known after apply)
      [32m+[0m[0m show_output                                   = (known after apply)
      [32m+[0m[0m simulated_data_sharing_consumer               = (known after apply)
      [32m+[0m[0m statement_queued_timeout_in_seconds           = (known after apply)
      [32m+[0m[0m statement_timeout_in_seconds                  = (known after apply)
      [32m+[0m[0m strict_json_output                            = (known after apply)
      [32m+[0m[0m time_input_format                             = (known after apply)
      [32m+[0m[0m time_output_format                            = (known after apply)
      [32m+[0m[0m timestamp_day_is_always_24h                   = (known after apply)
      [32m+[0m[0m timestamp_input_format                        = (known after apply)
      [32m+[0m[0m timestamp_ltz_output_format                   = (known after apply)
      [32m+[0m[0m timestamp_ntz_output_format                   = (known after apply)
      [32m+[0m[0m timestamp_output_format                       = (known after apply)
      [32m+[0m[0m timestamp_type_mapping                        = (known after apply)
      [32m+[0m[0m timestamp_tz_output_format                    = (known after apply)
      [32m+[0m[0m timezone                                      = (known after apply)
      [32m+[0m[0m trace_level                                   = (known after apply)
      [32m+[0m[0m transaction_abort_on_error                    = (known after apply)
      [32m+[0m[0m transaction_default_isolation_level           = (known after apply)
      [32m+[0m[0m two_digit_century_start                       = (known after apply)
      [32m+[0m[0m unsupported_ddl_action                        = (known after apply)
      [32m+[0m[0m use_cached_result                             = (known after apply)
      [32m+[0m[0m user_type                                     = (known after apply)
      [32m+[0m[0m week_of_year_policy                           = (known after apply)
      [32m+[0m[0m week_start                                    = (known after apply)
    }

[1mPlan:[0m [0m36 to add, 0 to change, 0 to destroy.

Changes to Outputs:
  [32m+[0m[0m key_vault_secret_names = {
      [32m+[0m[0m APP01 = "SnowflakePassword-APP01"
      [32m+[0m[0m APP02 = "SnowflakePassword-APP02"
      [32m+[0m[0m APP03 = "SnowflakePassword-APP03"
      [32m+[0m[0m APP04 = "SnowflakePassword-APP04"
      [32m+[0m[0m APP05 = "SnowflakePassword-APP05"
      [32m+[0m[0m APP06 = "SnowflakePassword-APP06"
      [32m+[0m[0m APP07 = "SnowflakePassword-APP07"
      [32m+[0m[0m APP08 = "SnowflakePassword-APP08"
      [32m+[0m[0m APP09 = "SnowflakePassword-APP09"
      [32m+[0m[0m APP10 = "SnowflakePassword-APP10"
      [32m+[0m[0m APP11 = "SnowflakePassword-APP11"
      [32m+[0m[0m APP12 = "SnowflakePassword-APP12"
    }
  [32m+[0m[0m learner_count          = 12
  [32m+[0m[0m learner_usernames      = {
      [32m+[0m[0m APP01 = "apprenant01"
      [32m+[0m[0m APP02 = "apprenant02"
      [32m+[0m[0m APP03 = "apprenant03"
      [32m+[0m[0m APP04 = "apprenant04"
      [32m+[0m[0m APP05 = "apprenant05"
      [32m+[0m[0m APP06 = "apprenant06"
      [32m+[0m[0m APP07 = "apprenant07"
      [32m+[0m[0m APP08 = "apprenant08"
      [32m+[0m[0m APP09 = "apprenant09"
      [32m+[0m[0m APP10 = "apprenant10"
      [32m+[0m[0m APP11 = "apprenant11"
      [32m+[0m[0m APP12 = "apprenant12"
    }
  [32m+[0m[0m pat_setup_reminder     = {
      [32m+[0m[0m APP01 = "snow sql -q \"ALTER USER apprenant01 ADD PROGRAMMATIC_ACCESS_TOKEN\" --role ACCOUNTADMIN"
      [32m+[0m[0m APP02 = "snow sql -q \"ALTER USER apprenant02 ADD PROGRAMMATIC_ACCESS_TOKEN\" --role ACCOUNTADMIN"
      [32m+[0m[0m APP03 = "snow sql -q \"ALTER USER apprenant03 ADD PROGRAMMATIC_ACCESS_TOKEN\" --role ACCOUNTADMIN"
      [32m+[0m[0m APP04 = "snow sql -q \"ALTER USER apprenant04 ADD PROGRAMMATIC_ACCESS_TOKEN\" --role ACCOUNTADMIN"
      [32m+[0m[0m APP05 = "snow sql -q \"ALTER USER apprenant05 ADD PROGRAMMATIC_ACCESS_TOKEN\" --role ACCOUNTADMIN"
      [32m+[0m[0m APP06 = "snow sql -q \"ALTER USER apprenant06 ADD PROGRAMMATIC_ACCESS_TOKEN\" --role ACCOUNTADMIN"
      [32m+[0m[0m APP07 = "snow sql -q \"ALTER USER apprenant07 ADD PROGRAMMATIC_ACCESS_TOKEN\" --role ACCOUNTADMIN"
      [32m+[0m[0m APP08 = "snow sql -q \"ALTER USER apprenant08 ADD PROGRAMMATIC_ACCESS_TOKEN\" --role ACCOUNTADMIN"
      [32m+[0m[0m APP09 = "snow sql -q \"ALTER USER apprenant09 ADD PROGRAMMATIC_ACCESS_TOKEN\" --role ACCOUNTADMIN"
      [32m+[0m[0m APP10 = "snow sql -q \"ALTER USER apprenant10 ADD PROGRAMMATIC_ACCESS_TOKEN\" --role ACCOUNTADMIN"
      [32m+[0m[0m APP11 = "snow sql -q \"ALTER USER apprenant11 ADD PROGRAMMATIC_ACCESS_TOKEN\" --role ACCOUNTADMIN"
      [32m+[0m[0m APP12 = "snow sql -q \"ALTER USER apprenant12 ADD PROGRAMMATIC_ACCESS_TOKEN\" --role ACCOUNTADMIN"
    }
  [32m+[0m[0m role_grants            = {
      [32m+[0m[0m APP01 = "SYSADMIN -> apprenant01"
      [32m+[0m[0m APP02 = "SYSADMIN -> apprenant02"
      [32m+[0m[0m APP03 = "SYSADMIN -> apprenant03"
      [32m+[0m[0m APP04 = "SYSADMIN -> apprenant04"
      [32m+[0m[0m APP05 = "SYSADMIN -> apprenant05"
      [32m+[0m[0m APP06 = "SYSADMIN -> apprenant06"
      [32m+[0m[0m APP07 = "SYSADMIN -> apprenant07"
      [32m+[0m[0m APP08 = "SYSADMIN -> apprenant08"
      [32m+[0m[0m APP09 = "SYSADMIN -> apprenant09"
      [32m+[0m[0m APP10 = "SYSADMIN -> apprenant10"
      [32m+[0m[0m APP11 = "SYSADMIN -> apprenant11"
      [32m+[0m[0m APP12 = "SYSADMIN -> apprenant12"
    }
[0m[1msnowflake_user.learners["APP11"]: Creating...[0m[0m
[0m[1msnowflake_user.learners["APP08"]: Creating...[0m[0m
[0m[1msnowflake_user.learners["APP10"]: Creating...[0m[0m
[0m[1msnowflake_user.learners["APP02"]: Creating...[0m[0m
[0m[1msnowflake_user.learners["APP01"]: Creating...[0m[0m
[0m[1msnowflake_user.learners["APP07"]: Creating...[0m[0m
[0m[1msnowflake_user.learners["APP03"]: Creating...[0m[0m
[0m[1msnowflake_user.learners["APP04"]: Creating...[0m[0m
[0m[1msnowflake_user.learners["APP05"]: Creating...[0m[0m
[0m[1msnowflake_user.learners["APP09"]: Creating...[0m[0m
[0m[1msnowflake_user.learners["APP12"]: Creating...[0m[0m
[0m[1msnowflake_user.learners["APP06"]: Creating...[0m[0m
[0m[1msnowflake_user.learners["APP11"]: Creation complete after 4s [id=apprenant11][0m
[0m[1msnowflake_user.learners["APP12"]: Creation complete after 2s [id=apprenant12][0m
[0m[1mazurerm_key_vault_secret.learner_passwords["APP10"]: Creating...[0m[0m
[0m[1mazurerm_key_vault_secret.learner_passwords["APP11"]: Creating...[0m[0m
[0m[1mazurerm_key_vault_secret.learner_passwords["APP02"]: Creating...[0m[0m
[0m[1mazurerm_key_vault_secret.learner_passwords["APP05"]: Creating...[0m[0m
[0m[1mazurerm_key_vault_secret.learner_passwords["APP08"]: Creating...[0m[0m
[0m[1mazurerm_key_vault_secret.learner_passwords["APP07"]: Creating...[0m[0m
[0m[1mazurerm_key_vault_secret.learner_passwords["APP06"]: Creating...[0m[0m
[0m[1mazurerm_key_vault_secret.learner_passwords["APP09"]: Creating...[0m[0m
[0m[1mazurerm_key_vault_secret.learner_passwords["APP04"]: Creating...[0m[0m
[0m[1mazurerm_key_vault_secret.learner_passwords["APP12"]: Creating...[0m[0m
[0m[1mazurerm_key_vault_secret.learner_passwords["APP08"]: Still creating... [00m10s elapsed][0m[0m
[0m[1mazurerm_key_vault_secret.learner_passwords["APP05"]: Still creating... [00m10s elapsed][0m[0m
[0m[1mazurerm_key_vault_secret.learner_passwords["APP09"]: Still creating... [00m10s elapsed][0m[0m
[0m[1mazurerm_key_vault_secret.learner_passwords["APP02"]: Still creating... [00m10s elapsed][0m[0m
[0m[1mazurerm_key_vault_secret.learner_passwords["APP07"]: Still creating... [00m10s elapsed][0m[0m
[0m[1mazurerm_key_vault_secret.learner_passwords["APP11"]: Still creating... [00m10s elapsed][0m[0m
[0m[1mazurerm_key_vault_secret.learner_passwords["APP12"]: Still creating... [00m10s elapsed][0m[0m
[0m[1mazurerm_key_vault_secret.learner_passwords["APP10"]: Still creating... [00m10s elapsed][0m[0m
[0m[1mazurerm_key_vault_secret.learner_passwords["APP06"]: Still creating... [00m10s elapsed][0m[0m
[0m[1mazurerm_key_vault_secret.learner_passwords["APP04"]: Still creating... [00m10s elapsed][0m[0m
[0m[1mazurerm_key_vault_secret.learner_passwords["APP09"]: Still creating... [00m20s elapsed][0m[0m
[0m[1mazurerm_key_vault_secret.learner_passwords["APP07"]: Still creating... [00m20s elapsed][0m[0m
[0m[1mazurerm_key_vault_secret.learner_passwords["APP06"]: Still creating... [00m20s elapsed][0m[0m
[0m[1mazurerm_key_vault_secret.learner_passwords["APP05"]: Still creating... [00m20s elapsed][0m[0m
[0m[1mazurerm_key_vault_secret.learner_passwords["APP10"]: Still creating... [00m20s elapsed][0m[0m
[0m[1mazurerm_key_vault_secret.learner_passwords["APP12"]: Still creating... [00m20s elapsed][0m[0m
[0m[1mazurerm_key_vault_secret.learner_passwords["APP04"]: Still creating... [00m20s elapsed][0m[0m
[0m[1mazurerm_key_vault_secret.learner_passwords["APP02"]: Still creating... [00m20s elapsed][0m[0m
[0m[1mazurerm_key_vault_secret.learner_passwords["APP11"]: Still creating... [00m20s elapsed][0m[0m
[0m[1mazurerm_key_vault_secret.learner_passwords["APP08"]: Still creating... [00m20s elapsed][0m[0m
[0m[1mazurerm_key_vault_secret.learner_passwords["APP07"]: Still creating... [00m30s elapsed][0m[0m
[0m[1mazurerm_key_vault_secret.learner_passwords["APP10"]: Still creating... [00m30s elapsed][0m[0m
[0m[1mazurerm_key_vault_secret.learner_passwords["APP06"]: Still creating... [00m30s elapsed][0m[0m
[0m[1mazurerm_key_vault_secret.learner_passwords["APP05"]: Still creating... [00m30s elapsed][0m[0m
[0m[1mazurerm_key_vault_secret.learner_passwords["APP11"]: Still creating... [00m30s elapsed][0m[0m
[0m[1mazurerm_key_vault_secret.learner_passwords["APP04"]: Still creating... [00m30s elapsed][0m[0m
[0m[1mazurerm_key_vault_secret.learner_passwords["APP12"]: Still creating... [00m30s elapsed][0m[0m
[0m[1mazurerm_key_vault_secret.learner_passwords["APP08"]: Still creating... [00m30s elapsed][0m[0m
[0m[1mazurerm_key_vault_secret.learner_passwords["APP02"]: Still creating... [00m30s elapsed][0m[0m
[0m[1mazurerm_key_vault_secret.learner_passwords["APP09"]: Still creating... [00m30s elapsed][0m[0m
[0m[1mazurerm_key_vault_secret.learner_passwords["APP05"]: Creation complete after 36s [id=https://kvdata2aitfsecretsmsn.vault.azure.net/secrets/SnowflakePassword-APP05/f28a683a249242a6a9f33db33b6814a0][0m
[0m[1mazurerm_key_vault_secret.learner_passwords["APP03"]: Creating...[0m[0m
[0m[1mazurerm_key_vault_secret.learner_passwords["APP04"]: Creation complete after 37s [id=https://kvdata2aitfsecretsmsn.vault.azure.net/secrets/SnowflakePassword-APP04/b8ebab2779754b56a2f58472e1855c84][0m
[0m[1mazurerm_key_vault_secret.learner_passwords["APP01"]: Creating...[0m[0m
[0m[1mazurerm_key_vault_secret.learner_passwords["APP02"]: Creation complete after 39s [id=https://kvdata2aitfsecretsmsn.vault.azure.net/secrets/SnowflakePassword-APP02/f3f3592adade4a1e98714db735c74762][0m
[0m[1mazurerm_key_vault_secret.learner_passwords["APP09"]: Still creating... [00m40s elapsed][0m[0m
[0m[1mazurerm_key_vault_secret.learner_passwords["APP12"]: Still creating... [00m40s elapsed][0m[0m
[0m[1mazurerm_key_vault_secret.learner_passwords["APP07"]: Still creating... [00m40s elapsed][0m[0m
[0m[1mazurerm_key_vault_secret.learner_passwords["APP06"]: Still creating... [00m40s elapsed][0m[0m
[0m[1mazurerm_key_vault_secret.learner_passwords["APP10"]: Still creating... [00m40s elapsed][0m[0m
[0m[1mazurerm_key_vault_secret.learner_passwords["APP08"]: Still creating... [00m40s elapsed][0m[0m
[0m[1mazurerm_key_vault_secret.learner_passwords["APP11"]: Still creating... [00m40s elapsed][0m[0m
[0m[1mazurerm_key_vault_secret.learner_passwords["APP03"]: Still creating... [00m10s elapsed][0m[0m
[0m[1mazurerm_key_vault_secret.learner_passwords["APP01"]: Still creating... [00m10s elapsed][0m[0m
[0m[1mazurerm_key_vault_secret.learner_passwords["APP12"]: Still creating... [00m50s elapsed][0m[0m
[0m[1mazurerm_key_vault_secret.learner_passwords["APP09"]: Still creating... [00m50s elapsed][0m[0m
[0m[1mazurerm_key_vault_secret.learner_passwords["APP10"]: Still creating... [00m50s elapsed][0m[0m
[0m[1mazurerm_key_vault_secret.learner_passwords["APP11"]: Still creating... [00m50s elapsed][0m[0m
[0m[1mazurerm_key_vault_secret.learner_passwords["APP08"]: Still creating... [00m50s elapsed][0m[0m
[0m[1mazurerm_key_vault_secret.learner_passwords["APP07"]: Still creating... [00m50s elapsed][0m[0m
[0m[1mazurerm_key_vault_secret.learner_passwords["APP06"]: Still creating... [00m50s elapsed][0m[0m
[0m[1mazurerm_key_vault_secret.learner_passwords["APP06"]: Creation complete after 51s [id=https://kvdata2aitfsecretsmsn.vault.azure.net/secrets/SnowflakePassword-APP06/aea1d93cd53d4b32997ebb65a24fb543][0m
[0m[1mazurerm_key_vault_secret.learner_passwords["APP10"]: Creation complete after 52s [id=https://kvdata2aitfsecretsmsn.vault.azure.net/secrets/SnowflakePassword-APP10/4b67a95a379148808a74ccb7139e82b8][0m
[0m[1mazurerm_key_vault_secret.learner_passwords["APP11"]: Creation complete after 53s [id=https://kvdata2aitfsecretsmsn.vault.azure.net/secrets/SnowflakePassword-APP11/d86ccfd052da4767bcdac4dff16a0146][0m
[0m[1mazurerm_key_vault_secret.learner_passwords["APP12"]: Creation complete after 54s [id=https://kvdata2aitfsecretsmsn.vault.azure.net/secrets/SnowflakePassword-APP12/b3687ed2a50e4e24b026d975c4d35c90][0m
[0m[1mazurerm_key_vault_secret.learner_passwords["APP08"]: Creation complete after 55s [id=https://kvdata2aitfsecretsmsn.vault.azure.net/secrets/SnowflakePassword-APP08/f7db641a5b6f4e27be778fd1cc520dea][0m
[0m[1mazurerm_key_vault_secret.learner_passwords["APP03"]: Still creating... [00m20s elapsed][0m[0m
[0m[1mazurerm_key_vault_secret.learner_passwords["APP07"]: Creation complete after 56s [id=https://kvdata2aitfsecretsmsn.vault.azure.net/secrets/SnowflakePassword-APP07/e7cff1d996e64dad80f7010d916d8e63][0m
[0m[1mazurerm_key_vault_secret.learner_passwords["APP09"]: Creation complete after 57s [id=https://kvdata2aitfsecretsmsn.vault.azure.net/secrets/SnowflakePassword-APP09/e633337cf7844783b1c7630cf73c9d3e][0m
[0m[1mazurerm_key_vault_secret.learner_passwords["APP01"]: Still creating... [00m20s elapsed][0m[0m
[0m[1mazurerm_key_vault_secret.learner_passwords["APP03"]: Creation complete after 26s [id=https://kvdata2aitfsecretsmsn.vault.azure.net/secrets/SnowflakePassword-APP03/ca6d9a93b6e34678ac5ba12afc2601b5][0m
[0m[1mazurerm_key_vault_secret.learner_passwords["APP01"]: Creation complete after 26s [id=https://kvdata2aitfsecretsmsn.vault.azure.net/secrets/SnowflakePassword-APP01/4490541c9fb242339428bdeba2ed8fb4][0m
terraform : [31mΓò╖[0m[0m
At line:2 char:1
+ terraform apply -auto-approve 2>&1 | Out-File -FilePath "apply_output ...
+ ~~~~~~~~~~~~~~~~~~~~~~~~~~~~~~~~~~
    + CategoryInfo          : NotSpecified: ([31mΓò╖[0m[0m:String) [], RemoteException
    + FullyQualifiedErrorId : NativeCommandError
 
[31mΓöé[0m [0m[1m[31mError: [0m[0m[1m003006 (42710): SQL compilation error:
[31mΓöé[0m [0mUser with login name 'APPRENANT09' already exists.[0m
[31mΓöé[0m [0m
[31mΓöé[0m [0m[0m  with snowflake_user.learners["APP09"],
[31mΓöé[0m [0m  on main.tf line 50, in resource "snowflake_user" "learners":
[31mΓöé[0m [0m  50: resource "snowflake_user" "learners" [4m{[0m[0m
[31mΓöé[0m [0m
[31mΓò╡[0m[0m
[31mΓò╖[0m[0m
[31mΓöé[0m [0m[1m[31mError: [0m[0m[1m003006 (42710): SQL compilation error:
[31mΓöé[0m [0mUser with login name 'APPRENANT02' already exists.[0m
[31mΓöé[0m [0m
[31mΓöé[0m [0m[0m  with snowflake_user.learners["APP02"],
[31mΓöé[0m [0m  on main.tf line 50, in resource "snowflake_user" "learners":
[31mΓöé[0m [0m  50: resource "snowflake_user" "learners" [4m{[0m[0m
[31mΓöé[0m [0m
[31mΓò╡[0m[0m
[31mΓò╖[0m[0m
[31mΓöé[0m [0m[1m[31mError: [0m[0m[1m003006 (42710): SQL compilation error:
[31mΓöé[0m [0mUser with login name 'APPRENANT08' already exists.[0m
[31mΓöé[0m [0m
[31mΓöé[0m [0m[0m  with snowflake_user.learners["APP08"],
[31mΓöé[0m [0m  on main.tf line 50, in resource "snowflake_user" "learners":
[31mΓöé[0m [0m  50: resource "snowflake_user" "learners" [4m{[0m[0m
[31mΓöé[0m [0m
[31mΓò╡[0m[0m
[31mΓò╖[0m[0m
[31mΓöé[0m [0m[1m[31mError: [0m[0m[1m003006 (42710): SQL compilation error:
[31mΓöé[0m [0mUser with login name 'APPRENANT10' already exists.[0m
[31mΓöé[0m [0m
[31mΓöé[0m [0m[0m  with snowflake_user.learners["APP10"],
[31mΓöé[0m [0m  on main.tf line 50, in resource "snowflake_user" "learners":
[31mΓöé[0m [0m  50: resource "snowflake_user" "learners" [4m{[0m[0m
[31mΓöé[0m [0m
[31mΓò╡[0m[0m
[31mΓò╖[0m[0m
[31mΓöé[0m [0m[1m[31mError: [0m[0m[1m003006 (42710): SQL compilation error:
[31mΓöé[0m [0mUser with login name 'APPRENANT01' already exists.[0m
[31mΓöé[0m [0m
[31mΓöé[0m [0m[0m  with snowflake_user.learners["APP01"],
[31mΓöé[0m [0m  on main.tf line 50, in resource "snowflake_user" "learners":
[31mΓöé[0m [0m  50: resource "snowflake_user" "learners" [4m{[0m[0m
[31mΓöé[0m [0m
[31mΓò╡[0m[0m
[31mΓò╖[0m[0m
[31mΓöé[0m [0m[1m[31mError: [0m[0m[1m003006 (42710): SQL compilation error:
[31mΓöé[0m [0mUser with login name 'APPRENANT03' already exists.[0m
[31mΓöé[0m [0m
[31mΓöé[0m [0m[0m  with snowflake_user.learners["APP03"],
[31mΓöé[0m [0m  on main.tf line 50, in resource "snowflake_user" "learners":
[31mΓöé[0m [0m  50: resource "snowflake_user" "learners" [4m{[0m[0m
[31mΓöé[0m [0m
[31mΓò╡[0m[0m
[31mΓò╖[0m[0m
[31mΓöé[0m [0m[1m[31mError: [0m[0m[1m003006 (42710): SQL compilation error:
[31mΓöé[0m [0mUser with login name 'APPRENANT04' already exists.[0m
[31mΓöé[0m [0m
[31mΓöé[0m [0m[0m  with snowflake_user.learners["APP04"],
[31mΓöé[0m [0m  on main.tf line 50, in resource "snowflake_user" "learners":
[31mΓöé[0m [0m  50: resource "snowflake_user" "learners" [4m{[0m[0m
[31mΓöé[0m [0m
[31mΓò╡[0m[0m
[31mΓò╖[0m[0m
[31mΓöé[0m [0m[1m[31mError: [0m[0m[1m003006 (42710): SQL compilation error:
[31mΓöé[0m [0mUser with login name 'APPRENANT05' already exists.[0m
[31mΓöé[0m [0m
[31mΓöé[0m [0m[0m  with snowflake_user.learners["APP05"],
[31mΓöé[0m [0m  on main.tf line 50, in resource "snowflake_user" "learners":
[31mΓöé[0m [0m  50: resource "snowflake_user" "learners" [4m{[0m[0m
[31mΓöé[0m [0m
[31mΓò╡[0m[0m
[31mΓò╖[0m[0m
[31mΓöé[0m [0m[1m[31mError: [0m[0m[1m003006 (42710): SQL compilation error:
[31mΓöé[0m [0mUser with login name 'APPRENANT07' already exists.[0m
[31mΓöé[0m [0m
[31mΓöé[0m [0m[0m  with snowflake_user.learners["APP07"],
[31mΓöé[0m [0m  on main.tf line 50, in resource "snowflake_user" "learners":
[31mΓöé[0m [0m  50: resource "snowflake_user" "learners" [4m{[0m[0m
[31mΓöé[0m [0m
[31mΓò╡[0m[0m
[31mΓò╖[0m[0m
[31mΓöé[0m [0m[1m[31mError: [0m[0m[1m003006 (42710): SQL compilation error:
[31mΓöé[0m [0mUser with login name 'APPRENANT06' already exists.[0m
[31mΓöé[0m [0m
[31mΓöé[0m [0m[0m  with snowflake_user.learners["APP06"],
[31mΓöé[0m [0m  on main.tf line 50, in resource "snowflake_user" "learners":
[31mΓöé[0m [0m  50: resource "snowflake_user" "learners" [4m{[0m[0m
[31mΓöé[0m [0m
[31mΓò╡[0m[0m
